epoch,accuracy,loss,lr,val_accuracy,val_loss
0,0.96486664,0.11532304746963394,0.001,0.9831,0.0530750660309277
1,0.9856667,0.04597918609338376,0.001,0.9861,0.04635525720071164
2,0.9914167,0.028024158067810397,0.001,0.9869,0.04368171086247603
3,0.9943333,0.01788586653930791,0.001,0.9872,0.04378830693755099
